<?xml version="1.0" encoding="UTF-8"?>
<!DOCTYPE mapper PUBLIC "-//mybatis.org//DTD Mapper 3.0//EN"
		"http://mybatis.org/dtd/mybatis-3-mapper.dtd">
<mapper namespace="kr.co.seoulit.account.sys.base.mapper.BoardMapper">

	<resultMap id="insertBoard" type="kr.co.seoulit.account.sys.base.to.BoardBean">
		<result property="id" column="ID"/>
		<result property="title" column="TITLE"/>
		<result property="contents" column="CONTENTS"/>
		<result property="writtenBy" column="WRITTEN_BY"/>
		<result property="updateBy" column="UPDATE_BY"/>
		<result property="writeDate" column="WRITE_DATE"/>
		<result property="updateDateTime" column="UPDATE_DATE_TIME"/>
		<result property="lookup" column="LOOKUP"/>
		<result property="boardLike" column="BOARD_LIKE"/>

		<result property="rid" column="RID"/>
		<result property="bid" column="BID"/>
		<result property="reContents" column="RE_CONTENTS"/>
		<result property="reWritter" column="RE_WRITER"/>
		<result property="reWrittedate" column="RE_WRITEDATE"/>
	</resultMap>


	<select id="selectParentBoardList" resultType="kr.co.seoulit.account.sys.base.to.BoardBean">
		SELECT
			ID as id,
			TITLE  as title,
			CONTENTS as contents,
			WRITTEN_BY as writtenBy,
			UPDATE_BY as updateBy,
			WRITE_DATE as writeDate,
			UPDATE_DATE_TIME as updateDateTime,
			LOOKUP as lookup
		FROM BOARD
		WHERE DELETE_FLAG = 'N'
		ORDER BY ID

	</select>
	<update id="updateLookup" parameterType="String" >
		UPDATE  BOARD
		SET
			LOOKUP = LOOKUP+1
		WHERE ID=#{id}

	</update>

	<select id="selectDetailBoardList"  parameterType="String" resultType="kr.co.seoulit.account.sys.base.to.BoardBean">
		SELECT
			B.ID as id,
			B.TITLE  as title,
			B.CONTENTS as contents,
			B.WRITTEN_BY as writtenBy,
			B.WRITE_DATE as writeDate,
			B.LOOKUP as lookup,
			f.FILE_ORINAME as fileOriName
		FROM BOARD B, Board_FILE f
		WHERE B.ID= #{id}
		ORDER BY B.ID ASC
	</select>
	<select id="selectDetailBoardList1"  parameterType="String" resultType="kr.co.seoulit.account.sys.base.to.BoardBean">
		SELECT
			B.ID as id,
			B.TITLE  as title,
			B.CONTENTS as contents,
			B.WRITTEN_BY as writtenBy,
			B.WRITE_DATE as writeDate,
			B.LOOKUP as lookup,
			f.FILE_ORINAME as fileOriName,
			f.FILE_NAME as fileName
		FROM BOARD B, Board_FILE f
		WHERE B.ID= #{id} and B.ID = F.BOARD_ID
		ORDER BY B.ID ASC
	</select>
	<update id="deleteBoardList" parameterType="String" >

		UPDATE  BOARD
		SET
			DELETE_FLAG = 'Y'
		WHERE ID=#{id}

	</update>
	<insert id="insertBoard" parameterType="kr.co.seoulit.account.sys.base.to.BoardBean">
		INSERT INTO BOARD (ID,TITLE,CONTENTS,WRITTEN_BY,UPDATE_BY
		,LOOKUP)
		VALUES (BOARD_Seq.NEXTVAL
		,#{title}
		,#{contents}
		,#{writtenBy}
		,#{writtenBy}
		,0)
	</insert>



	<update id="boardModify" parameterType="kr.co.seoulit.account.sys.base.to.BoardBean">
		UPDATE BOARD SET
						 TITLE=#{title}  , CONTENTS=#{contents}
		WHERE ID=#{id}

	</update>






	<!--  댓글 CRUD -->

	<select id="selectreplyList"  parameterType="String" resultType="kr.co.seoulit.account.sys.base.to.BoardBean">
		SELECT
			RE.RID as rid
			 , RE.RE_CONTENTS as reContents
			 , RE.RE_WRITER AS reWritter
			 ,RE.RE_WRITEDATE as reWrittedate
		FROM BOARD_REPLY RE LEFT OUTER JOIN BOARD B
											ON RE.BID = B.ID
		WHERE RE.BID = #{id}
	</select>

	<insert id="insertReBoard" parameterType="kr.co.seoulit.account.sys.base.to.BoardBean" >
		INSERT INTO BOARD_REPLY (RID,BID,RE_CONTENTS,RE_WRITER,RE_WRITEDATE)
		VALUES (REPLY_Seq.NEXTVAL
			   ,#{bid}
			   ,#{reContents}
			   ,#{reWritter}
			   ,SYSDATE)
	</insert>

	<delete id="deleteReBoard" parameterType="String" >

		DELETE  FROM BOARD_REPLY WHERE RID = #{rid}

	</delete>
	<update id="modifyReBoard" parameterType="kr.co.seoulit.account.sys.base.to.BoardBean">
		UPDATE BOARD_REPLY SET
			RE_CONTENTS=#{reContents}
		WHERE RID=#{rid}

	</update>

<!--	<resultMap id="fileInsertBoard" type="kr.co.seoulit.account.sys.base.to.BoardFIleBean">-->
<!--		<result property="fileId" column="FILE_ID"/>-->
<!--		<result property="boardId" column="BOARD_ID"/>-->
<!--		<result property="fileName" column="FILE_NAME"/>-->
<!--		<result property="fileOriName" column="FILE_ORINAME"/>-->
<!--		<result property="fileUrl" column="FILE_URL"/>-->
<!--	</resultMap>-->

<insert id="fileInsert" parameterType="kr.co.seoulit.account.sys.base.to.BoardBean">
	<![CDATA[
	INSERT INTO
		BOARD_FILE (FILE_ID, BOARD_ID, FILE_NAME, FILE_ORINAME, FILE_URL)
VALUES ( BOARD_FILE_SEQ.NEXTVAL,BOARD_Seq.currval,#{fileName},#{fileOriName},#{fileUrl})
	]]>
</insert>



</mapper>