<?xml version="1.0" encoding="UTF-8"?>
<!DOCTYPE mapper PUBLIC "-//mybatis.org//DTD Mapper 3.0//EN"
		"http://mybatis.org/dtd/mybatis-3-mapper.dtd">
<mapper namespace="kr.co.seoulit.account.settlement.financialstatements.mapper.AccountingMapper">



   <resultMap id="accountingStatementResult" type="kr.co.seoulit.account.settlement.financialstatements.to.AccountingStatementBean">
      <result property="accountInnerCode" column="ACCOUNT_INNER_CODE" />
      <result property="accountName" column="ACCOUNT_NAME" />
      <result property="parentAccountCode" column="PARENT_ACCOUNT_CODE" />
      <result property="income" column="INCOME" />
      <result property="incomeSummary" column="INCOME_SUMMARY" />
      <result property="earlyIncome" column="EARLY_INCOME" />
      <result property="earlyIncomeSummary" column="EARLY_INCOME_SUMMARY" />
   </resultMap>

   <resultMap id="accountingSettlementStatusBeanResult" type="kr.co.seoulit.account.posting.business.to.AccountingSettlementStatusBean">
        <result property="accountPeriodNo" column="ACCOUNT_PERIOD_NO" />
        <result property="totalTrialBalance" column="TOTAL_TRIAL_BALANCE"/>
        <result property="incomeStatement" column="INCOME_STATEMENT"/>
        <result property="financialPosition" column="FINANCIAL_POSITION"/>
      <result property="capitalStatement" column="CAPITAL_STATEMENT"/>
    </resultMap>

   <parameterMap id="accountingStatementParams" type="java.util.HashMap">
      <parameter property="accountPeriodNo" jdbcType="VARCHAR" javaType="String" mode="IN" />
      <parameter property="callResult" jdbcType="VARCHAR" javaType="String" mode="IN" />
      <parameter property="errorCode" jdbcType="DECIMAL" javaType="int" mode="OUT" />
      <parameter property="errorMsg" jdbcType="VARCHAR" javaType="String" mode="OUT" />
      <parameter property="incomeStatement" jdbcType="CURSOR" javaType="java.sql.ResultSet" mode="OUT"
              resultMap="accountingStatementResult"/>
      <parameter property="accountingSettlementStatus" jdbcType="CURSOR" javaType="java.sql.ResultSet" mode="OUT"
              resultMap="accountingSettlementStatusBeanResult"/>

   </parameterMap>


   <!-- 프로시저호출 -->
   <select id="selectcallAccountingStatement" parameterMap="accountingStatementParams" statementType="CALLABLE" >
      <![CDATA[
         {call P_INCOME_STATEMENT(?, ?, ?, ?, ?, ?)}
      ]]>
   </select>

</mapper>