<?xml version="1.0" encoding="UTF-8"?>
<!DOCTYPE mapper PUBLIC "-//mybatis.org//DTD Mapper 3.0//EN"
		"http://mybatis.org/dtd/mybatis-3-mapper.dtd">
<mapper namespace="kr.co.seoulit.account.settlement.financialstatements.mapper.FinancialPositionMapper">

	
	<resultMap id="financialPositionResult" type="kr.co.seoulit.account.settlement.financialstatements.to.FinancialPositionBean">
	     <result property="lev" column="LEV" />
		<result property="category" column="CATEGORY"/>
		<result property="accountName" column="ACCOUNT_NAME"/>
		<result property="accountCode" column="ACCOUNT_CODE"/>
		<result property="balanceDetail" column="BALANCE_DETAIL" />
		<result property="balanceDetailSummary" column="BALANCE_DETAIL_SUMMARY"  />
		<result property="preBalanceDetail" column="PRE_BALANCE_DETAIL"   />
		<result property="preBalanceDetailSummary" column="PRE_BALANCE_DETAIL_SUMMARY"  />
	   </resultMap>
	   
	   <resultMap id="accountingSettlementStatusBeanResult" type="kr.co.seoulit.account.posting.business.to.AccountingSettlementStatusBean">
	        <result property="accountPeriodNo" column="ACCOUNT_PERIOD_NO" />
	        <result property="totalTrialBalance" column="TOTAL_TRIAL_BALANCE"/>
	        <result property="incomeStatement" column="INCOME_STATEMENT"/>
	        <result property="financialPosition" column="FINANCIAL_POSITION"/>
		   <result property="capitalStatement" column="CAPITAL_STATEMENT"/>
	    </resultMap>

	<parameterMap id="financialPositionParams" type="java.util.HashMap">
      <parameter property="accountPeriodNo" jdbcType="VARCHAR" javaType="String" mode="IN" />
      <parameter property="callResult" jdbcType="VARCHAR" javaType="String" mode="IN" />
      <parameter property="errorCode" jdbcType="DECIMAL" javaType="int" mode="OUT" />
      <parameter property="errorMsg" jdbcType="VARCHAR" javaType="String" mode="OUT" />
      <parameter property="financialPosition" jdbcType="CURSOR" javaType="java.sql.ResultSet" mode="OUT"
              resultMap="financialPositionResult"/>
      <parameter property="accountingSettlementStatus" jdbcType="CURSOR" javaType="java.sql.ResultSet" mode="OUT" 
              resultMap="accountingSettlementStatusBeanResult"/>
      
   </parameterMap>
   <!-- 프로시저호출 -->
   <select id="selectcallFinancialPosition" parameterMap="financialPositionParams"  statementType="CALLABLE"  >
      <![CDATA[
          {call P_FINANCIAL_POSITION(?, ?, ?, ?, ?, ?)}
      ]]>
   </select>

</mapper>