<?xml version="1.0" encoding="UTF-8"?>
<!DOCTYPE mapper PUBLIC "-//mybatis.org//DTD Mapper 3.0//EN"
		"http://mybatis.org/dtd/mybatis-3-mapper.dtd">
        
	<mapper namespace="kr.co.seoulit.account.operate.system.mapper.CustomerMapper">
    
    
    <resultMap id="workplaceResult" type="kr.co.seoulit.account.operate.system.to.WorkplaceBean">
        <result property="workplaceCode" column="WORKPLACE_CODE"/>
        <result property="companyCode" column="COMPANY_CODE"/>
        <result property="workplaceName" column="WORKPLACE_NAME"/>
        <result property="businessLicense" column="BUSINESS_LICENSE_NUMBER"/>
        <result property="corporationLicence" column="CORPORATION_LICENSE_NUMBER"/>
        <result property="workplaceCeoName" column="WORKPLACE_CEO_NAME"/>
        <result property="businessConditions" column="WORKPLACE_BUSINESS_CONDITIONS"/>
        <result property="businessItems" column="WORKPLACE_BUSINESS_ITEMS"/>
        <result property="workplaceTelNumber" column="WORKPLACE_TEL_NUMBER"/>
        <result property="workplaceFaxNumber" column="WORKPLACE_FAX_NUMBER"/>
        <result property="workplaceBasicAddress" column="WORKPLACE_BASIC_ADDRESS"/>
        <result property="approvalStatus" column="APPROVAL_STATUS"/>
    </resultMap>

    <resultMap id="customerResult" type="kr.co.seoulit.account.operate.system.to.CustomerBean">
        <result property="customerCode" column="CUSTOMER_CODE"/>
        <result property="workplaceCode" column="WORKPLACE_CODE"/>
        <result property="customerName" column="CUSTOMER_NAME"/>
        <result property="customerType" column="CUSTOMER_TYPE"/>
        <result property="customerCeo" column="CUSTOMER_CEO"/>
        <result property="businessLicenseNumber" column="BUSINESS_LICENSE_NUMBER"/>
        <result property="socialSecurityNumber" column="SOCIAL_SECURITY_NUMBER"/>
        <result property="customerBusinessConditions" column="CUSTOMER_BUSINESS_CONDITIONS"/>
        <result property="customerBusinessItems" column="CUSTOMER_BUSINESS_ITEMS"/>
        <result property="customerZipCode" column="CUSTOMER_ZIP_CODE"/>
        <result property="customerBasicAddress" column="CUSTOMER_BASIC_ADDRESS"/>
        <result property="customerDetailAddress" column="CUSTOMER_DETAIL_ADDRESS"/>
        <result property="customerTelNumber" column="CUSTOMER_TEL_NUMBER"/>
        <result property="customerFaxNumber" column="CUSTOMER_FAX_NUMBER"/>
        <result property="accountNumber" column="CUSTOMER_NOTE"/>
        <result property="cardNumber" column="ACCOUNT_NUMBER"/>
        <result property="customerNote" column="CARD_NUMBER"/>
        <result property="cardType" column="CARD_TYPE"/>
        <result property="cardMemberName" column="CARD_MEMBER_NAME"/>
        <result property="cardOpenPlace" column="CARD_OPEN_PLACE"/>
        <result property="financialInstituteName" column="FINANCIAL_INSTITUTE_CODE"/>
        <result property="financialInstituteCode" column="FINANCIAL_INSTITUTE_NAME"/>
    </resultMap>
 
    <select id="selectCustomerList" resultMap="customerResult">
        SELECT *
        FROM CUSTOMER
        WHERE CUSTOMER_TYPE = '일반'
    </select>


   <select id="selectWorkplace" parameterType="String" resultType="kr.co.seoulit.account.operate.system.to.WorkplaceBean">
   <![CDATA[
      SELECT  WORKPLACE_CODE                as workplaceCode,
              COMPANY_CODE                  as companyCode,
              WORKPLACE_NAME                as workplaceName,
              BUSINESS_LICENSE_NUMBER       as businessLicense,
              CORPORATION_LICENSE_NUMBER    as corporationLicence,
              WORKPLACE_CEO_NAME            as workplaceCeoName,
              WORKPLACE_BUSINESS_CONDITIONS as businessConditions,
              WORKPLACE_BUSINESS_ITEMS      as businessItems,
              WORKPLACE_TEL_NUMBER          as workplaceTelNumber,
              WORKPLACE_FAX_NUMBER          as workplaceFaxNumber,
              WORKPLACE_BASIC_ADDRESS       as workplaceBasicAddress,
              APPROVAL_STATUS             as approvalStatus,
      FROM    WORKPLACE 
      WHERE    WORKPLACE_CODE= #{workplaceCode}
   ]]>
   </select>

    <select id="selectCreditCardList" resultMap="customerResult">
        <![CDATA[
        SELECT *
        FROM CUSTOMER
        WHERE CUSTOMER_TYPE = '신용카드'
        ]]>
    </select>

   <insert id="insertWorkplace" parameterType="kr.co.seoulit.account.operate.system.to.WorkplaceBean">
   <![CDATA[
      INSERT 
      INTO WORKPLACE  (WORKPLACE_CODE, COMPANY_CODE, WORKPLACE_NAME, BUSINESS_LICENSE_NUMBER,
                   CORPORATION_LICENSE_NUMBER, WORKPLACE_CEO_NAME, WORKPLACE_BUSINESS_CONDITIONS,
                   WORKPLACE_BUSINESS_ITEMS, WORKPLACE_TEL_NUMBER, WORKPLACE_FAX_NUMBER,
                   WORKPLACE_BASIC_ADDRESS, APPROVAL_STATUS)
      VALUES         (#{workplaceCode}, #{companyCode}, #{workplaceName}, #{businessLicense}, 
                   #{corporationLicence}, #{workplaceCeoName}, #{businessConditions}, #{businessItems}, 
                   #{workplaceTelNumber}, #{workplaceFaxNumber}, #{workplaceBasicAddress}, #{approvalStatus})
   ]]>
   </insert>


    <select id="selectAllWorkplaceList" resultType="kr.co.seoulit.account.operate.system.to.WorkplaceBean">
    <![CDATA[
         SELECT  WORKPLACE_CODE                as workplaceCode,
              COMPANY_CODE                  as companyCode,
              WORKPLACE_NAME                as workplaceName,
              BUSINESS_LICENSE_NUMBER       as businessLicense,
              CORPORATION_LICENSE_NUMBER    as corporationLicence,
              WORKPLACE_CEO_NAME            as workplaceCeoName,
              WORKPLACE_BUSINESS_CONDITIONS as businessConditions,
              WORKPLACE_BUSINESS_ITEMS      as businessItems,
              WORKPLACE_TEL_NUMBER          as workplaceTelNumber,
              WORKPLACE_FAX_NUMBER          as workplaceFaxNumber,
              WORKPLACE_BASIC_ADDRESS       as workplaceBasicAddress,
              APPROVAL_STATUS             as approvalStatus
      FROM    WORKPLACE 
     ]]>
    </select>
    
    
    <update id="updateWorkplaceAccount" parameterType="Map" >
    <![CDATA[
       UPDATE    WORKPLACE 
       SET    APPROVAL_STATUS = #{status}
       WHERE    WORKPLACE_CODE = #{code}
    ]]>
    </update>
    
    
    <delete id="deleteWorkplace" parameterType="kr.co.seoulit.account.operate.system.to.WorkplaceBean">
    <![CDATA[
       DELETE 
       FROM    WORKPLACE 
       WHERE    WORKPLACE_CODE = #{code}
    ]]>
    </delete>
    
</mapper>