<?xml version="1.0" encoding="UTF-8"?>
<!DOCTYPE mapper PUBLIC "-//mybatis.org//DTD Mapper 3.0//EN"
        "http://mybatis.org/dtd/mybatis-3-mapper.dtd">
<mapper namespace="kr.co.seoulit.account.posting.ledger.mapper.CurrentAssetMapper">

    <resultMap id="assetResult" type="kr.co.seoulit.account.posting.ledger.to.CurrentAssetBean">
        <result property="accountCode" column="ACCOUNT_CODE"/>
        <result property="accountName" column="ACCOUNT_NAME"/>
        <result property="assetCode" column="ASSET_CODE"/>
        <result property="assetName" column="ASSET_NAME"/>
        <result property="progress" column="PROGRESS"/>
        <result property="finalizeStatus" column="FINALIZE_STATUS"/>
    </resultMap>

    <select id="selectCurrentAssetList" resultMap="assetResult" parameterType="map">
       <![CDATA[
        SELECT *
        FROM CURRENT_ASSET
        WHERE ACCOUNT_CODE=#{accountCode}
          AND ACCOUNT_NAME=#{accountName}
        ]]>
    </select>


</mapper>